ID,Predicted
openseek-1-ed5ac69191204cd4bfb0ca41bc7f197f,0
openseek-1-b80a51b41c8d4e239f4ce027ae86b8de,0
openseek-1-08810a6af8ae42858b6c080619ed9035,0
openseek-1-f445d6b56e1f425fb3040d1309de5564,0
openseek-1-28b08f2d9aad4f7086e233ff366a7344,0
openseek-1-8af4c594d6ff4eec86d8e04011efb4fd,0
openseek-1-44f5596c5d3d452295f81784a9dc5371,0
openseek-1-85dfec929523461bb192bda315cb6edc,0
openseek-1-07289d25d26b42aebc375c49fa06c22a,0
openseek-1-2ad1476c92ae4913a1b3a95b6d132f25,0
openseek-1-9f3759cb3c874ac9b2ddd523a19d74dd,0
openseek-1-9a44701f527c42e39e7f5a256f2ae68b,0
openseek-1-166e0f561f9e46fd9a7c3db1b932f144,0
openseek-1-b3f54ae027e24de5a2445e800041485b,0
openseek-1-53149b2323ba4d4bbc0c9421223cb469,0
openseek-1-2d18add3629a46cfa78dd7e945f73de9,0
openseek-1-420e7f84c8794d74a698543ec4754c33,0
openseek-1-d3545b073212408c92145aada750301f,0
openseek-1-b0706dca17d74affb2f3d9dcd6572ca1,0
openseek-1-df71d2e6da7a416c86151a80a051d39b,0
openseek-1-fa2d600e984648229ea20eecd7f35996,0
openseek-1-bf4c25c139ba4260bf5adff62461f212,0
openseek-1-60f82537cd984974ab4987f748c0f8cb,0
openseek-1-a0e68dec3e1844ea899c425da0e0fc35,0
openseek-1-75909a9ee61e4a1a80352deb00ef21d3,0
openseek-1-742691ae11b44cbf999398ec5c24da30,0
openseek-1-2bb524d1b6b2437ba8754c1b16142603,0
openseek-1-07e21be0db5b4cf1a9f3ae5ae6c76a89,0
openseek-1-9aa30771557143b996c0c2a41c2fe830,0
openseek-1-b5f73b93f2ef4901b669e9d712c2218a,0
openseek-1-a00bc0a8dd8d43e8a8cc51f319c5177a,0
openseek-1-43ba140dea834f28994271cc29878d1c,0
openseek-1-2e88b74faa6943d19692af4600b2c950,0
openseek-1-bb25b8b03fa44b0592e4b520b2a78e6f,0
openseek-1-e9e311462c8b4fb1b1fc1c30d0a3077c,0
openseek-1-7f11ddaa31d740968e8370ba55761fc6,0
openseek-1-1015344d222e4488bcbbc0ac974b48c8,0
openseek-1-591166b788d445a7810013b5b1503de9,0
openseek-1-7093679abe544c03adc2befb663899f2,0
openseek-1-c3063aabed9d41019f9eaeb7828ee9f0,0
openseek-1-ee6a9df17e3c4a6aad41c574889bab5e,0
openseek-1-db516c9e477345c99d3f1150c16b2808,0
openseek-1-dbd18c9b63a04dc48af1bd5d51cf32e1,0
openseek-1-20662254ad954ddf93a850d600bfaaa1,0
openseek-1-1946619829c7473284663409242f569f,0
openseek-1-310ffb1ca6124eb2bc625a21dc44fb19,0
openseek-1-311af330711642d09de698c15554a68d,0
openseek-1-9f2f03f40350417e8e5b5cff89971705,0
openseek-1-ee32d6f56a9841ca90360c145ea12f24,0
openseek-1-3dc1f12988f44e1aa399e95ab951d974,0
openseek-1-1b1d149934da4b40a906da1c536b72b1,0
openseek-1-d8444798088146a4bd2e46e3bc7aa3f4,0
openseek-1-e42a3b4b83d749fcbdb8c512fb72dde3,0
openseek-1-1a58aff7965d495c925d8089288dfb43,0
openseek-1-1af2b38ef6954e8398eab3d9aa768c5d,0
openseek-1-9faea4a6e5e44298a4dba26327d25183,0
openseek-1-fd031bba70b443509c6fe38e3152e61f,0
openseek-1-fec7ccd5789d4eb7ab31512fbb4c99d8,0
openseek-1-f84824027be5468b94b45499eea6867d,0
openseek-1-b3a38e07007a4587b0095e1036c83490,0
openseek-1-e157cf77bf974ae88f512f8e846b642e,0
openseek-1-e70a9663c57a4740b9f412527c8b7ec2,0
openseek-1-1546132dbda8484d99a03ef15f377577,0
openseek-1-09bcbbf572394b299a9ebed99a7a9581,0
openseek-1-e4ab72fa8cec46eb8b8a441fd73744f4,0
openseek-1-d98b15a346b44f6fb3dc6e3ecc05c55c,0
openseek-1-07d844f1bb994615a9f90e8b95b92e37,0
openseek-1-442fbaa691c147f4b937148c9b1d2591,0
openseek-1-e19816da4a2545db98b5c6752b4d2d5a,0
openseek-1-e0a8150cb07d4f5fb543fb6a6ff563d8,0
openseek-1-45cd86ab770a467c9f49ffdd612f92cc,0
openseek-1-f5d7a1081262439a93362603f70cfaa9,0
openseek-1-49eb26145ee44531acbfe103c46f7748,0
openseek-1-c9ad122688cc49fa8ec09082b2c320de,0
openseek-1-9591721ac8fa46ed9f47c6787d9d0b22,0
openseek-1-be6fc29fd4bc421c9d7a55d978903b28,0
openseek-1-2fee5502b6d0434b9a175072cb74bcdb,0
openseek-1-5d8976872326435a8a9b497dac4d5e10,0
openseek-1-6b496aded51941c09d7254e20a273a3d,0
openseek-1-6563d5f7c2c64276a36a0921cba2e11d,0
openseek-1-d0178f9d13d34961a28d077fcc0b85aa,0
openseek-1-851c8a63251c477693bdb89f802b7433,0
openseek-1-8003bc20909f448fa316ea0c1ad50bcf,0
openseek-1-b33c016576cc40a5a9ad2cf48f15d53f,0
openseek-1-475b39669df34b808d7d18355ea2ea13,0
openseek-1-73ba381cbbd7407c931b2d23bc61c142,0
openseek-1-772bb624dbaf4a1fad5a6eb215feb52a,0
openseek-1-b8577dbb510444268332e84a4caea6e3,0
openseek-1-8e40e451c6524f3f91c52e73f865960a,0
openseek-1-519472f7fb8647169326c08086b4d34c,0
openseek-1-4fd2527ca97f42e0816c178cfdff2510,0
openseek-1-e7b596a250354fe38fd14f098067ad9e,0
openseek-1-9950eba977354b4fa06ca14701d90f1d,0
openseek-1-f55c43797628485abd5b2cbb529a0b5a,0
openseek-1-00eb4e26628d4254ae038aa8d35b610f,0
openseek-1-37c3ef892dc74a178823243db79915e0,0
openseek-1-e23c6d69750d4c4b9cfee6ee6cafaf4f,0
openseek-1-c4219988e0f94cdb8df6c59aa3701728,0
openseek-1-ffb57acf22df4ecfaef578f4caae28ba,0
openseek-1-5c67aa29e1354c43ba361e0fe6722096,0
openseek-1-c8c065c85af24d128f5924844aa57cc1,0
openseek-1-a109b3868a46405eb94c5d8dc162eec4,0
openseek-1-10b12bbe380f469a8883cb747d973ef8,0
openseek-1-e2a49b70d2c2498eb31c47238e05167e,0
openseek-1-5c4b1b6973944274b1b1ff1a367a323a,0
openseek-1-90b74105763549b882d596adaeeabaec,0
openseek-1-d049c81634394007974c4ac061150dc9,0
openseek-1-a4195630414f449899fac3e4644e4a58,0
openseek-1-5614ff8938bb47f6aa1b6107e4a8d443,0
openseek-1-3ef262b6defc44758926460dd281a105,0
openseek-1-1cbf33a657e44294a9eef8736dc0f676,0
openseek-1-3b667e024e234bb0a897ffd5ba02ff70,0
openseek-1-e68ea2f7faae49aeacf487b759083db0,0
openseek-1-377d3d1aac7a4e8da4cf1df132cc4c47,0
openseek-1-3bee93bea6404fc384d6d3420649446a,0
openseek-1-37d03b1d90e6477a8822cd17b8567e51,0
openseek-1-9b936409abc2495d8e908b500dbf2677,0
openseek-1-70f08a1326954831872b688bf85079bb,0
openseek-1-16d399451cec40609bc5be186fb8d5a9,0
openseek-1-86249db978ea47eb94bfc6826e422f28,0
openseek-1-536bd8a87e7049f19fb942bc422f9456,0
openseek-1-16999af4aa6a4b9da4b0de74ea243543,0
openseek-1-01dcf6e0a6da49948f1c09625802812e,0
openseek-1-24353fe38c2847848d14d2484d231833,0
openseek-1-04c750b96a754782885b759cbc48896d,0
openseek-1-d7e66bda8d5348d2aa6eb112d76e143f,0
openseek-1-6b7f6dc8f5974f4f8385ee567d100e3e,0
openseek-1-2eb680c6d36343e094276384429eb6af,0
openseek-1-3990c9cd3dbc4185a9cf0f9e94ed0d5b,0
openseek-1-f566ed1504a749879bd2ed986a9a971a,0
openseek-1-b133b91f0c9e4a38b9c878c64bd605d2,0
openseek-1-d96d54acd62b4178884bfa7f99f85c29,0
openseek-1-47d5e97b369a4d43807de6d4caa5bac6,0
openseek-1-d3c890844f5d45b0a70a36c74ffb2de3,0
openseek-1-faccae807c3a426c8c024c82c7abc41a,0
openseek-1-32d6e5c9a47e4eac9f5955baa67a8521,0
openseek-1-e47985bc539c4857b35644cfb8db2fc2,0
openseek-1-36bd0fa30ee646a1ad2c10be038c03f3,0
openseek-1-bd1795861c564a07ac3476574114d1da,0
openseek-1-c00f854628144bc88ee1165d00dca135,0
openseek-1-472a560265cb481f8195178a7512b34f,0
openseek-1-802c1a201fc04360a3676d54f63d01f0,0
openseek-1-f2208acd39af4417aeb60eb55a175f17,0
openseek-1-be20ac85b6724e0a926a6bc64a486d53,0
openseek-1-1d94ce55429b4496828a8f55f0b4d13a,0
openseek-1-eb5f8321d64245788d8143a629535f27,0
openseek-1-5fc369ae5b20461ca56350dd637e28a3,0
openseek-1-cbf8c2e22ddb474cac7f0a838b2fb2b1,0
openseek-1-d4c8dd4881df488c9684fa5966400f5f,0
openseek-1-1989054435c544ff83867639824a4ba8,0
openseek-1-be25a68ba3ef4d178f64ba376bf3b112,0
openseek-1-ee96858fff6d40bd92e54404899390b9,0
openseek-1-e8d902fb883f41f3bade8240d2d7be13,0
openseek-1-c6b3f0e60e084520b8c00c24e6b01787,0
openseek-1-ea68bc9923d24d66a26b3ed1773b454d,0
openseek-1-12d5a1f580304556b8ba5d5af68107f6,0
openseek-1-c898b7ac95d74920a07361fb50bd2d35,0
openseek-1-f8414be2af974dc598d6a66d17269dbe,0
openseek-1-6081a57191704b3b82ab78d3de5c7eae,0
openseek-1-9710b8c6ea1f47f795ade841e483c951,0
openseek-1-777817bf96e141a982eed94da2e771e9,0
openseek-1-b2cab1cedea04d9e8429ebe3c7ae36b3,0
openseek-1-73373c8a308c467ab2945b4de4ebe0da,0
openseek-1-8c052dd564df4c98b2bc9bfef9aaa649,0
openseek-1-4e1a54c0f544492faa7ffe5e9ab76b96,0
openseek-1-effa090f87fb4510adbfe58a9779e7f7,0
openseek-1-48cdf876b69c4e5dba5f645bce387734,0
openseek-1-df1ff8de94dc40668b65c8316c469876,0
openseek-1-364d1fb0edb24dc3bd2eaa5c23bb8392,0
openseek-1-4d21a943601840b78471a437ddc28f0f,0
openseek-1-92e44dc094a04906bdbfd724968196ae,0
openseek-1-88c103cd89644576bc9601660e799341,0
openseek-1-4d6d8098e3824d059214645d7214651f,0
openseek-1-d54ca0267a894b499ea951cfe738193d,0
openseek-1-f7d12c0a973e4a619048ae1de43bacac,0
openseek-1-1c03ae551a894e5b8e4492282e1c13ab,0
openseek-1-e208f1922dfb408da739026d96eb6dfc,0
openseek-1-a98fde06a97149aebc88ae9168de2ac0,0
openseek-1-49f060b9eaf046e7bb3449a41546fd58,0
openseek-1-5f1fcf2976ca4feeac97d2e84d045259,0
openseek-1-4479933bf6a74058b6431ad8448d7604,0
openseek-1-f7c7c812f3bd471c8b5a8ca185461cd0,0
openseek-1-395a0149358e4c67833d6163dabf3b34,0
openseek-1-cbd9a0907bf4443c849ab19cdec95ee5,0
openseek-1-149870fbc20c4c328781db51af6b7830,0
openseek-1-c12ec1c993184317b2d9ebed6fc7a2b7,0
openseek-1-0c45174f26194b40877cae7010795683,0
openseek-1-fb880f308afc49ffb0273160a8286286,0
openseek-1-66bf719213934cc18273c1e732fde7b6,0
openseek-1-aef2cdb104e14cafa1f8a0fd7bcbc099,0
openseek-1-42fee31b15ff4812ad5acd3e3c9ac1ce,0
openseek-1-89731c1c5ac743cf91b0db5ce96015d0,0
openseek-1-6d4341e9280246f1b48c56b9565b77d7,0
openseek-1-224d424fe34746228b8a88d460bc34c0,0
openseek-1-c0b0a17dcb1d4a97bcebd6265bae65a6,0
openseek-1-50eabfab7e7544b2869f4fe94af49adc,0
openseek-1-27ec2e081afa462c8e4222e623f141ba,0
openseek-1-ab96ae9dd7b94704944d26f881c8370b,0
openseek-1-e0f1ab0cc8d442c4a7f685cbc1a70fa1,0
openseek-1-5eca3c0313924832ac6a59917733fcf9,0
openseek-1-86fe54c0375d456f925e2f01cc855c56,0
openseek-1-22df2b1f706547ae8d8a2f439a695f83,0
openseek-1-8fd08990605c4da39cd2379f7d3f8ef5,0
openseek-1-9ada200627e04e3fb1ac91723c963919,0
openseek-1-0082552edd8849d6b6fca364d1f6d658,0
openseek-1-7a851fa7ff4647038db4bbdec2fe17e7,0
openseek-1-959a012128b14de6b28b17bac79e9471,0
openseek-1-5b6a65925e3c4c03a9c0e4dd87db98b4,0
openseek-1-3167a062784841879cf23f21126e93eb,0
openseek-1-e3e5104b76cf44779aa7da596677c965,0
openseek-1-f44b767a971e4f96beb5c5ac5da2ab32,0
openseek-1-9df638a638df4734956573a04733ac47,0
openseek-1-80a05abeefcb4d338e3d5db8a37cd145,0
openseek-1-e7c057e20bfb4e12993d89a8dda2297b,0
openseek-1-d6f291b00342457bab93abaada18f4f2,0
openseek-1-471a95ba30164d218cc7d2bc4d74fdbe,0
openseek-1-d6281eece36f4a609cd7e0cf7790bce6,0
openseek-1-66d1d6396f0c436599495140f5a9e8b4,0
openseek-1-d04bf204f32b486f87f048c616d5d448,0
openseek-1-f14c84e6dfa84499ae7947729164cb62,0
openseek-1-3c28bf63bac4485fa95b5264f341d5a5,0
openseek-1-a37da11a8eb54526a8d7386d9edf13fd,0
openseek-1-65b5fbf88c80446b9ce661aec6b1aff3,0
openseek-1-2bf0a17abb82449084fba38a62012813,0
openseek-1-bffbbc32add54820b77676e37fcc87d9,0
openseek-1-00d861a220b949c1b1ece47298735b8f,0
openseek-1-dbfdc7918570499eb419edf0fe1191ea,0
openseek-1-17d253371c224000a3a8c5dc1b5e19e2,0
openseek-1-2ebf22f8ca0e41d48bf7fbcbf4a54ed3,0
openseek-1-ab2fa9197da944699cfcaafe9923993e,0
openseek-1-43430270d5264903b6c45f3df43f27fd,0
openseek-1-83a021d9398545259a932247b22cd570,0
openseek-1-5a3c9f5d8769448f947019193f5217c2,0
openseek-1-fc7a9bd0b64548f78eff9e8b7fea3420,0
openseek-1-3cdaf012b50c408ab53b65d37ce1491a,0
openseek-1-5aebbd5af0974af6a63301cc0c7a3957,0
openseek-1-689edca1beb44f59ad1c797476437be1,0
openseek-1-266ca5cd334c4b1aada7e8bc37928adc,0
openseek-1-f4873128146e4a42b22047cfab0dad63,0
openseek-1-5159c6e1f8e449f590c5684cec7e2093,0
openseek-1-2e7d93321c4c458ca5bb4b28052ad837,0
openseek-1-f8513177f13841be84b358d2bb851d97,0
openseek-1-a2794ead5e8b4f5caa9c6707841c5063,0
openseek-1-2d7a8d98efca4cde80777d351142482e,0
openseek-1-5e9302a546de4a10b2ec1ff4db434a1c,0
openseek-1-89566e568d02482a9508b9bfc76d9553,0
openseek-1-e5f1ea56726d46f6a1d9ecf08fe9e4a1,0
openseek-1-b7e4aaa9f2e14339905b8a802a946c49,0
openseek-1-101060de17d74942a5c16eac4caa1a8b,0
openseek-1-0f9a8e717ceb4b1aa28b97713aa00586,0
openseek-1-a08a69a375cc4f0b88f07447d8808101,0
openseek-1-fbcde86b218f40eebea7306160dd139e,0
openseek-1-e9f752e72923490eb1f83068e2aabd73,0
openseek-1-b3cc941a26764cbda31b43d7a59d8903,0
openseek-1-b934157b3d8b4313a8b5fb0ea7bd16be,0
openseek-1-68f844b01e0740bfa213fa659d51cc3e,0
openseek-1-14fcf4f49e0f47ca9b18425a8a31b5c9,0
openseek-1-f47da7b49b8848ffb685c5d85788d60b,0
openseek-1-85cc1c43be174b488f5c3def0ea70d01,0
openseek-1-f3197f3bd7564e799b10d770147a5b35,0
openseek-1-12a2159acd1f4890bc8989c81e00996a,0
openseek-1-f236d71cea9b40029a9ad3b4282cf422,0
openseek-1-64e030370433488ab73a9847b3c8608f,0
openseek-1-3845f7b0957c46438f285fb7ddbd0ba0,0
openseek-1-abf8a49f418c484ebeda236e4e2048d3,0
openseek-1-00b515a94cd94cd589bec553a13e4a8b,0
openseek-1-65cf4f47647b408198839dab8f9a5a81,0
openseek-1-717e82ad9bac4092aaca900a7453bda6,0
openseek-1-9c952487619545868b60ebc9b915557a,0
openseek-1-729b0d0e92f24addb1fa8766d6d08949,0
openseek-1-f606f5a1a1ea4223b6cef73af6db2d40,0
openseek-1-46b0aef1292443588a86ad6c289a2478,0
openseek-1-47b021e14bf745f888503c0662fbd45c,0
openseek-1-c9341f2d3f834dc9a3672f8b6b0f6429,0
openseek-1-64f5c34680e1467ea937c05ae9c6f538,0
openseek-1-8e95c1062e5a4a87be5e982f531d2756,0
openseek-1-d770e6ad66594abbbc1f99c2997dd74b,0
openseek-1-5ef20e4100c14348b7d02c78134ebafc,0
openseek-1-2bccdbb357834c6185f16c82f4efd9e5,0
openseek-1-a547e0cf796f4c11b918d13664e237ac,0
openseek-1-0e2d506690d84a99b943e5800ceaba9a,0
openseek-1-4e87366ba4f84f6c9ac921eb60ac775b,0
openseek-1-e4b538719307426c9282cd343e7a77aa,0
openseek-1-d75e61a70cc64d32a09e54a908dd3667,0
openseek-1-61bea973c40342f1913dbd9383d2683c,0
openseek-1-b5a2e302f8dc4334979bc4f5f6c24831,0
openseek-1-7a6237deb60d40998c023daf929816d6,0
openseek-1-55a1ea7323514a99a1409b15f68accc4,0
openseek-1-f8dafa1640bb4f3eb903ca4b14c785d1,0
openseek-1-79d4db88069444b49199e32df685f6a4,0
openseek-1-dfbfe51ecb8c40c1b89a6030ecba415e,0
openseek-1-88ebd4813efb447784236ce5c0c8b492,0
openseek-1-1c9192434fcf4beca0ae220813b74bba,0
openseek-1-69dd2f5fee90400b81820c42c1207c95,0
openseek-1-63eab6c6185149eb8d416f58293023f5,0
openseek-1-8d2db29adbe24c18b6a74d4dff4abdfc,0
openseek-1-dbeae0e8839a40d2b947d2dfdabc45e4,0
openseek-1-ddbd5ef9f42d46d2ba34ea1f2d063dda,0
openseek-1-29dc908a0c9e48de8a0bd26fe811c34f,0
openseek-1-17cedeb5b4df4a30998197d4051b9343,0
openseek-1-af977ae43d4d4873b4a5f13949f6aa8d,0
openseek-1-358995b7ae6945dcabc9744c303a71b4,0
openseek-1-ff7722e5fe8c4873ac595c4d2c69ed9d,0
openseek-1-c76b9789f6964544976d1e2ff94ef619,0
openseek-1-d670c47e888d4f36a990892b8ce73ee0,0
openseek-1-33e2abfebd704becab00962a1efda5ff,0
openseek-1-48f1c8a9b8bc443c9bff515a96873ec9,0
openseek-1-8d86f3de689d4451af7b74d1353c8a13,0
openseek-1-154026cee397477f80a9f7e711186a99,0
openseek-1-84798dab6094482fa98f5677e8822a9a,0
openseek-1-dd4c4d997844490d966101d27c28f415,0
openseek-1-d0a3ddfc10f74c3b81833e8640120f6e,0
openseek-1-f29a5491fc0b46a1a12c48bfa6cdd882,0
openseek-1-37301c8fb8d343839bd20b01b2c4699f,0
openseek-1-a35a9a3301164210b192b8a68472f05d,0
openseek-1-8ee9234cc03246e1b3372403c5d6ec93,0
openseek-1-7204a4245b33460d8d38e7b4007d4a47,0
openseek-1-b20de4c8d4684383b816f37b6e22fbcd,0
openseek-1-4d56c0f39afa4870a8cd92d6e48b8b1c,0
openseek-1-59e1570c546c4dbfb0c126119a511e9a,0
openseek-1-1bfc6b825e424d1cabd35f16775f3ce6,0
openseek-1-cc9b8eb3066c4944a5cf73ad25aef42c,0
openseek-1-5a1ea18faafa4fd68a79b93371891934,0
openseek-1-faa7aa745f034a43ba9d6ffb2972a73e,0
openseek-1-1dd8e7bf78754792b33a0b5fd2c02d6b,0
openseek-1-3fe98e34fa8e4f5bafcf9cca39fadd4c,0
openseek-1-cc211670d8f14e248e7ae055bd720dc2,0
openseek-1-d158e1cbbd704b5cb976730a09431664,0
openseek-1-aa653814c6d6464b808ecd285627971b,0
openseek-1-53bf371fb57a4018b6d0dba9942183d8,0
openseek-1-068f75d060e7447a89695504327dd8f2,0
openseek-1-4b8e99abd2074018bb99a9d4a6a8dd2a,0
openseek-1-881f0b6868494a529fdf630962255711,0
openseek-1-fcd21d1b21c6439a86f4cd2fe81d71e6,0
openseek-1-512e35481bdf411d827f9c74bc3227e4,0
openseek-1-38c76806fb4241c897d5ae6d3771234d,0
openseek-1-f57925e09cba4c9286efe0d729cf4a19,0
openseek-1-d7d7cfdabe3b41a49a717ca06eaed3fb,0
openseek-1-c5a8df5cd15d4056a0ac52d0c7380bec,0
openseek-1-67aa1a7a61e94b23860ff8eb1db00e25,0
openseek-1-484fe04ba4c8453f8b01ee843a75fba0,0
openseek-1-ef0c22b4f1f748fda131026c240c344c,0
openseek-1-eb4cd2f63c9d40889178289a230ac64f,0
openseek-1-faa5a2aa24174709b7af92cdc247df76,0
openseek-1-0715dcf511b844d29a75725edc2e8cba,0
openseek-1-0688cb04ffe7486cbe07f75ea6c7094f,0
openseek-1-7180fc3f8f124115bf4bf562057703ca,0
openseek-1-2f489a68fd694256bab09f477f367625,0
openseek-1-a36a6f8fdc5a4da8acc661a3dd999ecd,0
openseek-1-8e40ab3179364fa9a49b385102e26428,0
openseek-1-c01758dd0c0f48c8ac6136f8fd4bf3dd,0
openseek-1-2bf2f87c31e14dfb813caefa5004e84d,0
openseek-1-7d8b550ebe4847529f95ad16b591bdad,0
openseek-1-f0dbe8a2ba8245f99538dd2adf8acc44,0
openseek-1-e03972275ba44dc597215472bc44b131,0
openseek-1-b5b6615ca5374da197b2c18aece3f5a6,0
openseek-1-8a9b4a192ebb483098a3866e6c7fadd2,0
openseek-1-29da5bebab714097b9354ea942609544,0
openseek-1-9cefc95f7ce94973ad70d4826c5b6a5d,0
openseek-1-85334ca7cb2545e9a349d79fd03fa488,0
openseek-1-e69718bcb78147afb16820676409f909,0
openseek-1-b1b48c4f3fc248c4b5705a5bc12f73cd,0
openseek-1-27259168165045c08e16e3fa8909d4d4,0
openseek-1-4a68a8b3c9b24d67b520eaaff57e5d01,0
openseek-1-67900e4aeead4c8eb3c3e9e535c63ee6,0
openseek-1-b7ab432b66254cf39dc279b20d62ccef,0
openseek-1-65a849d6e0cd46d7b11fb038306184c0,0
openseek-1-531884e224af4cdabc0220d4f285b2f4,0
openseek-1-755151ce040d4a9093700e4f7c369f2e,0
openseek-1-83bf6fb6ba23424aa3a538d1693be7c4,0
openseek-1-348f237b71bf466e9ad42968b365b046,0
openseek-1-c44809a87cf74f2a930971ac099a8efc,0
openseek-1-f3157852fd1a4a07a8992171bd29be7b,0
openseek-1-e0c38b1b7c364e5fa78d9e611c4b4f6c,0
openseek-1-c36804fa950f4a22ac88c04760e36b9d,0
openseek-1-e1c47e078d84460f9172f602b8c8fdae,0
openseek-1-5af2539610694176bd3bd6543551c514,0
openseek-1-541e7fa38dc8464391b7278972b35513,0
openseek-1-67ff164219264215b3880337b69396b8,0
openseek-1-69fbd6ffef474ffdb54d161d2e42c286,0
openseek-1-fc78276f138f4346908521be1bffecf4,0
openseek-1-cc8ef9c8991e45d680b1b62d79715364,0
openseek-1-d7b3a00653fe42ce8ed6d7032133a070,0
openseek-1-acefb0a0562e48c9a304a455badf35ef,0
openseek-1-9aefc7b728204d83b337adc6a1d26795,0
openseek-1-8403fcc771a04e3e8f1966aadde0864f,0
openseek-1-c7e7ce46fef4445d9a571bd70b428ea1,0
openseek-1-f23bf96c5f4d4d85a2f78fa02eee6e14,0
openseek-1-1dcbaa50c149430aa0ed3c629c822a5b,0
openseek-1-940cb7face934c59aa09076728ac21e0,0
openseek-1-c42dc0c1b6544e86b86e4bc78e8eaa22,0
openseek-1-2a46219f421145e3a47867b8b2d9eff6,0
openseek-1-c1f442dfe015480da3852fc4ce6d0fb7,0
openseek-1-6a840bad86b945c790ef938a3346a927,0
openseek-1-68f3b7f9d6ba497c985d5182c102312c,0
openseek-1-97c392e7b8854ff1a4773dc5f921b994,0
openseek-1-61d6273ab6ef48378963f3b84869e3dc,0
openseek-1-ca5e482d30274e1281eb10aa2ec88c72,0
openseek-1-afb792d216f84b6e835ada3692a9dad0,0
openseek-1-417fb9d265264a149a64a52630129f2a,0
openseek-1-9d3c2f2d7955457fbcaef1df3ccfbd03,0
openseek-1-0b360801c7e8424cb8e5921c9a74c8ee,0
openseek-1-e9fa758ff1bb4852bf04d2f71650ee97,0
openseek-1-6bcb0d5a9b804b2d894ed88205dacaf6,0
openseek-1-3632fb0fafb441fb8e25a11c320aad80,0
openseek-1-2ba4bdc7604e4faf95b07f4c807ff10f,0
openseek-1-bb7a970af6aa4999abbe4f9f5094231d,0
openseek-1-8673472b604e4e7dadd50f265d287df8,0
openseek-1-1dfc3aa67df844a19c552e7e8d1d62bb,0
openseek-1-71eedf3ac607490ba6380eb0b4ea739f,0
openseek-1-b5256b6ed7a3401abc81c456ec664cd5,0
openseek-1-71f6726d0b4a4884b3e64b8893f88e32,0
openseek-1-56f2bf6280dc448b8e5029c96974b72c,0
openseek-1-fd20ec496a6644de88105eeeac4ee739,0
openseek-1-6138bb818412420b96d4ac6d0c34fdd3,0
openseek-1-5bb1e9ee2cc44ba1b970c83af70b0c34,0
openseek-1-c06c01a728d44cdda74bb24f017746ce,0
openseek-1-ca4e46eb6d14461694cfd8c640ad28f1,0
openseek-1-abe09468b46a447db8d163fc4d5b46c0,0
openseek-1-eafe757433334cd2a4228b6f1c80cd8f,0
openseek-1-30e815060304461493755bca97a0c7e1,0
openseek-1-a6687b96af764143868d9ba886d07e2c,0
openseek-1-80682f7fab1d49ac81fe3f4576b3fe71,0
openseek-1-95242e0da6e3416d809e8df56b0a87d8,0
openseek-1-4cdb5ba091d04448b2d94ba17e4b7fba,0
openseek-1-154a31b81fc849fb98989c0f19abc05e,0
openseek-1-9599c6d0edfe451db639d2c518c18fa5,0
openseek-1-5b0154326648480b9db2f800b8a157b7,0
openseek-1-f7654297a809453fae890c9ce00b82f6,0
openseek-1-25951e1e242c4d07805c6e95414bbe53,0
openseek-1-57614dceb4714e3fb010d8c5cfc00f7f,0
openseek-1-afce07b7a278429a92a634f3cefb60b5,0
openseek-1-17f0dff16f2d424b88cc5712517cce62,0
openseek-1-f4e2a65ad9034da3b980db5467526e02,0
openseek-1-c61bd5749ea4403697f28548f653c1ee,0
openseek-1-c9f1e6302d444875b7b9e3146f7eef1b,0
openseek-1-adf1bcd2dffd4f588aaaf0d6021389e4,0
openseek-1-ca92b547e9d941baa43fa92ec115c894,0
openseek-1-fe5ef35ec2564242b2e9829ddc66e0bc,0
openseek-1-c75d3f4bc1104bc290cf2f093ee29698,0
openseek-1-d1e02116ff5d49d3a076f9c1c4802423,0
openseek-1-ce31857b3bb44d2ea1b4872f48ba112a,0
openseek-1-a498c5a68fae4a6e8b44becf86154502,0
openseek-1-a002377ea4ba4c8db0f5b5c58d57e624,0
openseek-1-5fcbe090085d4f69851d4c1ebb48b96c,0
openseek-1-0aee0d53deab4ee3976319b4177bd2de,0
openseek-1-7aeed778b1914c05a244de2b48354fd9,0
openseek-1-881628edf7a046b58fdb800b73dd3780,0
openseek-1-946feb49470e4e25937ee1f6b98ed7f3,0
openseek-1-0ba9175a97144679883bd292884f6e45,0
openseek-1-1100315f20874406a245cd391c9fdb5c,0
openseek-1-cc8637afbd1d4119ae2abac39f8d1190,0
openseek-1-370146b8478c4457978c259834aaa42a,0
openseek-1-bd992355bc2e4fc29e9a84bda37fae0b,0
openseek-1-dfa6f72a0a124a4393f7e16ac4abaf56,0
openseek-1-1845b26ac8fa48c6b1d642d23b8b8e68,0
openseek-1-83da71cd5dca449c8be211ec8886671c,0
openseek-1-42d6eeb9bdfd493a9d551805a403593e,0
openseek-1-a8cd84051a0f428f839f22d750a8fb8a,0
openseek-1-5ab23e612fa24427b147660898dfe24c,0
openseek-1-fc30142020a74da7b58b6f99b14d7789,0
openseek-1-150b54a361c240ed90bdda34e78314e2,0
openseek-1-3211dc1c9e1d4531a625478507951644,0
openseek-1-624b2811836a4d719ded181a2f7c5f15,0
openseek-1-11080f87ecda4dc887189ec6d2e8944c,0
openseek-1-0ccd5e9dcf914f53aaf0b08cfb98b604,0
openseek-1-8b1574b251404590962b5c53b2df3b78,0
openseek-1-fc2f9437194a4f4d939cf52770874336,0
openseek-1-5bb2e4b559dd47a898611163e6120882,0
openseek-1-bbcbef8775d943e5931d3e7db239e0bf,0
openseek-1-e31272c9fe7849d794c8abf376708cc8,0
openseek-1-10a317c2ffec4018999bdf08d9854c20,0
openseek-1-4a7c2935af73469fbdf653bf160eb81c,0
openseek-1-30205ff3b6e84cd7a1f3499a3dcbc05c,0
openseek-1-a94dd491bbd74a1db70000037a79ddd3,0
openseek-1-f425226c10d348a6968e9be88bb5bb19,0
openseek-1-602088d3adb24212b414b41dbb2565cd,0
openseek-1-bcf20cef4d9e461ea93a0794449998c9,0
openseek-1-3c3b860d93f240789cdcda454f085b85,0
openseek-1-f576cfe7d7ff42268e409b8e477a19db,0
openseek-1-ca802677c44f46059e9127df2b21110d,0
openseek-1-8d44399b9a5946f399a6b35889e9facf,0
openseek-1-dc6ec2add3974bc8990c3b7180b1b7ff,0
openseek-1-c13cbb6a1c474ee790188b90298858fa,0
openseek-1-4d6d94ed0b564db9b7d4d9bb9ebd9dc0,0
openseek-1-3b3d2202279b4f44bbe7ea344b529525,0
openseek-1-97f78c7cb9424c7fb001a306828ce670,0
openseek-1-6803fe0be7e7487b8a37672409014b13,0
openseek-1-4b43775b921f404c994e2076b92d4042,0
openseek-1-dbc1a5f52e42461a9c76f62a79d9c692,0
openseek-1-5b752043be1f400d906fee7f910f9d1f,0
openseek-1-b2c879d5a13140ce9cf4fa522916d245,0
openseek-1-4db3c9c4a23a4355a976a81171afdbdf,0
openseek-1-c2edb4fb8eee49a7a22dd74b57b995c4,0
openseek-1-e0e03cc55b794801a6886373eac641cd,0
openseek-1-6eec998873274dea8606bdf4cb735a68,0
openseek-1-a003c2e2afeb4475b03136391b713353,0
openseek-1-29aae84f027549a2a17a70001e89768a,0
openseek-1-9b5f0fde76854d60a3411f4aabf379b6,0
openseek-1-b4299cdf316a42d5907075ef3256d3a7,0
openseek-2-f907968b5d6340e8affa8452ea2b6f94,0
openseek-2-b068497fde6b4730b5be9e1077ab836c,0
openseek-2-c224340064d1434e9cf8c02df7084989,0
openseek-2-5a9e00ba080e4dcb96360a4022181621,0
openseek-2-a72667b1ee364d78ab08220555e61b71,0
openseek-2-730d27d5d2a0413aac2fd500e8a4aa0a,0
openseek-2-97ca024238e3426894ba402b2f936ce9,0
openseek-2-ce69b89b3f4640c1acd8da2452b3ad37,0
openseek-2-d78801c51e404957b0f026f28cd61a55,0
openseek-2-7fe60a5b8c8f4f80848c72fbd52fe823,0
openseek-2-c360b3c88bff4ce49cd06ba35beaec57,0
openseek-2-af389be596434ac5b2178ab81f541138,0
openseek-2-6c4a33a57920454580198d2cd58ef817,0
openseek-2-d84b918a54964edca5e0e466b2ff81fd,0
openseek-2-af8f3d8bacd4409aa7e16301834c0421,0
openseek-2-1e36d0f39882438d96e3c5377a44ea78,0
openseek-2-7b47a69d8c71473696e9cc47b9777bf9,0
openseek-2-ffd38b426d6a469fbdba58c37e308f53,0
openseek-2-90556e86c6484490bbca44f58ea3d689,0
openseek-2-27857854ac724d928518c1528a0c3a7e,0
openseek-2-05f5b6650d36415484a8c0fc2ea1f269,0
openseek-2-77a0b271d5694edda8cea5726a148b3c,0
openseek-2-361257474f674da89bb0debafcea7223,0
openseek-2-c0eb123133d6468da38efaca3cd9da38,0
openseek-2-ab2d4703ad7843ecb965f830f5d08b71,0
openseek-2-59edeb1f8d7a4232be6d7d0a0e378e80,0
openseek-2-d49fa897b35f4b63b87dbb3b3d94b506,0
openseek-2-f8267568b7cc4ff1bf565fa0e30939e1,0
openseek-2-e6d2e63ca2404150a93f8e2fede4f4f0,0
openseek-2-72895dde0d2448c18d6d5d036fc16fbf,0
openseek-2-3af1af54ed924ea68810f983f4a1438a,0
openseek-2-d5e36fb20bbd4a43bbd5fbe6140aea5a,0
openseek-2-f0b835151439423c84be8771aad846fc,0
openseek-2-0857c7256ee94ed8827247df00fb4b73,0
openseek-2-8022363105434a45a906e7c5cbcfcd0a,0
openseek-2-769f216a05b24babb33ba96cdd1186f0,0
openseek-2-7fe65c8da4bf42a2814633733269c203,0
openseek-2-5fb5864bb1c64c66a6c8d405cc6f9d42,0
openseek-2-5dd164c186e44f9ebc3f0ec6c84d91a8,0
openseek-2-dd17f5da44bf4c6b99e6817ed2f897fb,0
openseek-2-29ffe33c706d408cbf0c1552ad90c5bf,0
openseek-2-7baecc79735a4d1cad92a77a6febb80b,0
openseek-2-094cb6584f3d4992a0210a5be4915af9,0
openseek-2-7a91cae6446e491980ca526837f9fbd0,0
openseek-2-059fc0814f7d49babfa08c09b57b11c3,0
openseek-2-9fcf212082804aec9a9344ea17b25c2b,0
openseek-2-f4880552d03444ec92910cf37ee88591,0
openseek-2-c19f0eae7b494309a0a361e01ce07918,0
openseek-2-292743a4c6804af8af38b6839412c121,0
openseek-2-b1a0e1665e9f4fc6a24b2103cb98a160,0
openseek-2-260b1e4af823463394bbaed0bc9a68d0,0
openseek-2-ecd92379c8984d81aaa378fd89b9a294,0
openseek-2-93a05f2c6ed5480da754ec46f2edf19c,0
openseek-2-807012a4af1b4b3994285439b6c34819,0
openseek-2-d0d21af5df2b479a9808c44d7916111f,0
openseek-2-15e9118bb8c84ee78f857d9038742282,0
openseek-2-940e3fa0274645da934a6365bc5baeba,0
openseek-2-39775db759ad4471a1c9d012c9ba915e,0
openseek-2-6fbaac46aaa74b21b209081fd4fec4f9,0
openseek-2-22e9bea9c2c24c5094e47741b25ee4bf,0
openseek-2-84a8dd7d5a7f42f2bcfde5035d50beb8,0
openseek-2-4678fb3a613a42a1814c010a2730f014,0
openseek-2-11908c2268f1402892f45e0591f5ece4,0
openseek-2-c32fb5d73edf47e4887810a1f51e0c7b,0
openseek-2-c0bcc3b55a7642e4b3f08d024891011c,0
openseek-2-d06cf1ec1d7344e0b806bd9973a11d8c,0
openseek-2-74141545e478480dae391328f8d93040,0
openseek-2-73296b4e2a19400bb33675e7032ded4b,0
openseek-2-f36854439e9c45238f6d65da562940c4,0
openseek-2-7badc8a3bdff419abe3b2bbdd04025e7,0
openseek-2-91b33d61d80d4603aabf081c25e8dc84,0
openseek-2-2a9691e1cf0f4ca68362600dc46f738e,0
openseek-2-c0ace4f9e8a34f67a221e6e6eb31c66a,0
openseek-2-35520b2c9818437fac5df8b4502c9386,0
openseek-2-1be6f1fd65394cd4a0c515f8a852b3ca,0
openseek-2-f3abf6f170f84d2688a870388d1879f1,0
openseek-2-b3cdeb120a4a40588a43b3ff4a61a7dc,0
openseek-2-a280e14c82534ecda7d59c16c9f8c5bd,0
openseek-2-baf702eb65994e2db6c74a96c323ecfc,0
openseek-2-8e245459e91046f3a76364c7a29d544d,0
openseek-2-3c0225e634ae4708ac5d5ab236c8ef9b,0
openseek-2-e3383fa39588422f91614df1ce2d4880,0
openseek-2-4288889164b043fca40899f0f1fa23fd,0
openseek-2-ac278634185a4d2493c1096c5323fe9b,0
openseek-2-de6b387ee68a4f86953d165d88a8d6fe,0
openseek-2-9961c64ba0ac48c39350b75e83291711,0
openseek-2-44987595f1ff4d05962cab2208b6c805,0
openseek-2-203d48bbc49c48ecab549c53176e0dd8,0
openseek-2-f419222512624ec58bc797340ac746f1,0
openseek-2-2d467c1a2ad44c53828c1ecf9c7c0e5e,0
openseek-2-a1258d1f11d244e5acd8588709e38690,0
openseek-2-0bf7ee43b22340ca8b089e091b96754c,0
openseek-2-8d96baaf69fc47f5ae2c122a36718076,0
openseek-2-db04c579de094c189099d6f7dcfcd7a3,0
openseek-2-8ded47d5f5f746138d4757f2a7f66be3,0
openseek-2-07d2ea5b770e463abbad9c2bebdb2f4d,0
openseek-2-4d575eed19254c528a95c98f2bad191b,0
openseek-2-f73b43ef5277406fb329f21d4c7f3ffe,0
openseek-2-ee9f4af1321e45f5b930efcad1f5b0b7,0
openseek-2-33f581e898104db290247d2b08c1d5ad,0
openseek-2-4f884788b9ac468d866b3c7113f7cf1a,0
openseek-2-d0f1ddd581154bf4a34f55c67a61745a,0
openseek-2-6415069abdd44dcea45dea6abb8dfd7b,0
openseek-2-ebbf4f3fb4194845ac823d8d42bed0bb,0
openseek-2-395b50cdda054282bed555b394b67df9,0
openseek-2-3296baccbfd74b0db6c7ca0511d71748,0
openseek-2-790e2701f6794c3fa52433013f487558,0
openseek-2-d8efeb324f8e413297272b969a105cce,0
openseek-2-4849fb9f5c0346c4ad02c954d2f96be1,0
openseek-2-cc26d5d37f21486d88db76b9c3610caf,0
openseek-2-b1a183393b8d4a5492506b84c9aac1c7,0
openseek-2-a1453da9d9494212a8a1591637326a9c,0
openseek-2-d69f7c74baf34fdfa972745430137d5e,0
openseek-2-058236abbe654b748cc67eb165da86e8,0
openseek-2-72d53fc3a94b430b8eb117153a78673e,0
openseek-2-bc2594cb34a044bfa0483952d8cd37c5,0
openseek-2-76eec4593f75412fa32c14e4c9d44d16,0
openseek-2-80d0958990584611bb5afd2e9801092b,0
openseek-2-06c4a6e796964bdd8cbffd8984bba4cf,0
openseek-2-dfc7e089c4dc4e21aefbd8871327acea,0
openseek-2-85b42d02f226401a8b9b6bf41199d43c,0
openseek-2-3028958d82ac4661b0f4b9d036b958ae,0
openseek-2-7daf20960e9d4cdb8f7fc4516fceb417,0
openseek-2-ea8142dbd2d746789b1ab6671ea53dc8,0
openseek-2-060daccf4942424ba51b0550042b55e2,0
openseek-2-24bdaef4f0dc4e4ca2ef059d093c5a90,0
openseek-2-c1989b847a5c4b37ac459f42b746d66c,0
openseek-2-ac30bfa739d342719aac628b9f87e7ea,0
openseek-2-8399a37714734dc298f083ec8366f5c9,0
openseek-2-c40403ef4ef74f9fae89242386e2ca06,0
openseek-2-2b28aab24903424bba5006de3912192e,0
openseek-2-7039b967148f44f4a7c442e1b2525c4f,0
openseek-2-acc67cf3fb934deaa8cb14dbedb92e3a,0
openseek-2-bf24fada03fa447986605fdf31b6da6f,0
openseek-2-143308df646648428931f3636a911456,0
openseek-2-1a87544b74844225b8b84bd4f8c70dc7,0
openseek-2-acd9a6b59150424494f5e6aaa5ea9443,0
openseek-2-a5c953da5bd44e0f84e96f7782493a09,0
openseek-2-ce9f9c876e5b4d2ea3608a2c38a40ab4,0
openseek-2-83dc6053cbdf4a3b93e8395d1d3d780d,0
openseek-2-b63684203c064e7db819051c43a0e7b1,0
openseek-2-c24fbb5e7bc74b42951dbb035e2340e0,0
openseek-2-edb2ab6c6bce45ccbff7ef1c0c81babc,0
openseek-2-ba4f2b0471524d538138f946a305f34d,0
openseek-2-972778c6b65642c59486a5eb68a4b446,0
openseek-2-783a698223a546efaf7af973d9410943,0
openseek-2-ffa1f32b9c4d4827a6cebea9e994dd83,0
openseek-2-d45461eee631483db98c9b9cfa646cb8,0
openseek-2-2cae1c6289ce41a1a02bfab80ea72a31,0
openseek-2-b59dc03f00b74bb285df83fbe5c881b8,0
openseek-2-d7f695de9fce4b11be87f5e7f50ce1ae,0
openseek-2-ffa121911d3340df9ab94d144cfa846c,0
openseek-2-5303e2c1c58e4b8abfa08cd5a59a5504,0
openseek-2-fd986ec2796541cfa638245c1990ab1a,0
openseek-2-8cedef646eb546f8a9d3115af9785ed0,0
openseek-2-e7b78ec7ff9c4baf8155e0b18bbe0781,0
openseek-2-011160d8212941baa916409fb5dbafae,0
openseek-2-08385491797840308c535c834588501e,0
openseek-2-63ebba231c22493086d72bd59f52742e,0
openseek-2-e35146d3294045b4adbe42697b9e1856,0
openseek-2-ebdde8ff5d1a4baa9185e989e283df9d,0
openseek-2-b224721156534841aa661f977094a284,0
openseek-2-97dcb97e529b4a35abe141c6682b7693,0
openseek-2-ef61031bf50e4dbc863b4251e6789b54,0
openseek-2-d0265947165348c5ad8b89ab50a44946,0
openseek-2-814907672dae489ba97912bd35c13adf,0
openseek-2-849133135d0644098b249386023013b5,0
openseek-2-4486df7621ad4941bd1958bd2bd48764,0
openseek-2-b3e6cf3f8dbb4c99a9bf243a5fd408b7,0
openseek-2-47755173d15449329b391e30157dc292,0
openseek-2-d9e237b6f9d34902ba3ed46a0c549a86,0
openseek-2-c7c9a53d4e3445b9854d9a6dc6a06cc7,0
openseek-2-a2ed0936230846e6ba82b8d97c50dca4,0
openseek-2-8ae8f83e1a35472386f7e71a11413a71,0
openseek-2-b0712af18808431d9ee35b5bc002b4fa,0
openseek-2-2e5b6a4a7e664be0af1c853d15b4d8a3,0
openseek-2-738eab16cfc240dd9009e65fcad9675c,0
openseek-2-83f21bc22d094ee0ba3139a355e26a9b,0
openseek-2-3215ba39ee5644b1a93692ce3c1f42df,0
openseek-2-25bf479c72504e6fbd37ae1cecd59f1d,0
openseek-2-d24e1f56db784179b2bf546724fae5b5,0
openseek-2-b9753dc97da64486a42e511266f1eb72,0
openseek-2-cfca3af20e304c40823f0830fd36381c,0
openseek-2-daf792be7e6b4d51972b3a7962fe2a36,0
openseek-2-8dc81eba35d04ae39b29ade64a714387,0
openseek-2-e9f3cbbbd11c47e3bc9cdca3deec6dac,0
openseek-2-19239d35abaa4e77b47c1a78fe54bc12,0
openseek-2-6855aa84c2fe4b9cbd32ee7d3edbf2be,0
openseek-2-e703b7696b9045219778a8d21836a2fc,0
openseek-2-a1abacc13da8452ba607a79917414048,0
openseek-2-6d0fbec31dd04fdd881139302e8f3de0,0
openseek-2-e2b8ceb3dbe94659bb7536e5194b0902,0
openseek-2-ac265e423d2142c4b104461012ef6288,0
openseek-2-580412dcd2304857abb56453706a1238,0
openseek-2-5bc6bead28b8453bab022a7affddfd7d,0
openseek-2-fbeb66fc9f204f41b9dc54e381d880c9,0
openseek-2-a6bdcc8f52074211b9140f707f3a3edd,0
openseek-2-cd204c0738244f7daad597e73b29ae48,0
openseek-2-eaeffb159aad4ef6bd6024d9ba4a4a26,0
openseek-2-9af83ad6ecbe45e38f580743f40bb5b3,0
openseek-2-442e852f586a4625a1d14da138777fe2,0
openseek-2-1cbbe3c8ffcd4131a707e49e159f4742,0
openseek-2-d68eaf863cf3454da0532d78b4093ce3,0
openseek-2-528ce78bdfc94a7cb93137209759fa63,0
openseek-2-9aab467611bc4e7e948312f3413d9866,0
openseek-2-cbfc4535683a4ff49af076f18c6dcea9,0
openseek-2-90e0673f54df4d478b49b5c2e6b2f542,0
openseek-2-baaca2e9125844bbb3ebc66394ab5f12,0
openseek-2-ed46fb3c740949b6820e8bb3b3d9a0d8,0
openseek-2-ea997736d76b41899e21bf0617aff224,0
openseek-2-48c45896189d46e0b533459bac3164b6,0
openseek-2-9e7c0b2ab1f4409f9e60c560d3a4ff79,0
openseek-2-9d6d31ed439946a7a9f8ddfd062bc925,0
openseek-2-932fa8dd289a4aa686defdd9a0431a1b,0
openseek-2-68ee26e5fa914d5398b3003dda5c5311,0
openseek-2-c8ee6380826949eea4d65697d83e90db,0
openseek-2-9edd3dc32bd04f178e29239a6bc16f50,0
openseek-2-3fb7b11d48224f66bf0f12b9f0a11d2d,0
openseek-2-181dba6f57db47faa4decb232811ef5a,0
openseek-2-38debe5f610648e3a37809a6a27f81f5,0
openseek-2-1aa5c721a4b44b45921a8ee6ed5c768f,0
openseek-2-9fbb3bc70ac34263870cdf19002155b3,0
openseek-2-f30dc3789d8d422d9db011a5e296eea1,0
openseek-2-34ddf693399c4b1c9e40c33c0c9c38c8,0
openseek-2-f171e252a4174fa396ff93c69078fc7d,0
openseek-2-8a38b09308354ce78a9e0a8bf55b15b2,0
openseek-2-2f83bb4be70b44bcae9e857980d74e91,0
openseek-2-369d0aada9c84ed8af3f43550d1b733f,0
openseek-2-95e4c4f33da6477bb7a152659779ad09,0
openseek-2-9f168ac22c58402882c306e29e9b3c8e,0
openseek-2-9f944909ba3a44a9bbe8bb627f9330ed,0
openseek-2-50caaa9a68f1430d9042e436fb4a4897,0
openseek-2-1d5713844f21481e8186bea0c3888a86,0
openseek-2-71065aa44c5c4205816ee7adbb658a74,0
openseek-2-8ac8925777e448aaa3c8691ccc79bf36,0
openseek-2-98df535302d1457ebd67cefb2a44a9a1,0
openseek-2-fd2a43937f184c7eaa64ed54122a8ed7,0
openseek-2-92a74fbdef7c40f797cedc136ecf4c38,0
openseek-2-5fe7dfffb7a04beeb0b22869502e08b3,0
openseek-2-5b3a36541fe4402aa2d9d4231bfa0b8f,0
openseek-2-4e193e7d64284d3e8bcfc0a3aaed223e,0
openseek-2-bdef9b71785b49c5a0ccaa6b18d93501,0
openseek-2-c55cd8c290664ca3a7da2eeaac1dc7ad,0
openseek-2-9dd4dd85606a43babd9b019adc760cc8,0
openseek-2-b824d991dae44f789dfdf72da78830d8,0
openseek-2-48a02262f5fc44d3bb4f1d4f969111b4,0
openseek-2-be038fded587469a893f523325e22e70,0
openseek-2-421fc0c305024d6bad5d7f5e442dd73c,0
openseek-2-f2cccb953ade44f2b0ed91454cb968db,0
openseek-2-8f0b4fc5cbb245828133c64cd4265f64,0
openseek-2-092783942ea84ba0bd5f3753570a9abd,0
openseek-2-563dc289d0074940b9c573a6ccc00860,0
openseek-2-2d8bae2fab3d44b4801361df4cf8f827,0
openseek-2-87c2f519f96941a2884bffdf2279b9ea,0
openseek-2-66f2e23264d542e3bef73e9859e81d9b,0
openseek-2-f98a58fd669848838ded065dcbaeafde,0
openseek-2-7fc61a206b9b42739f0735152d94754e,0
openseek-2-cdbb6ad4725d4814ac4607ccb66b54d5,0
openseek-2-cffdc1329e5749a09e86373aaa6f158f,0
openseek-2-ddbc0fc5552b4231aeac09b3732ddc34,0
openseek-2-9a249afa09b844bf85c403a293bab1c2,0
openseek-2-67fa0319027547b191d2c042abf15d93,0
openseek-2-41c0f0d310604ff48b43b09dbcf54aaf,0
openseek-2-b6d8763ea6d240db8ef3b83e852a130b,0
openseek-2-76dc63651bbf4176812346384e457ec9,0
openseek-2-b42adb08289845219fdb03f13e88826c,0
openseek-2-415671c1dd8944b9879671420cd7858c,0
openseek-2-0222d48c57114105b7360a3ecef2ed65,0
openseek-2-22b1dd012b5840ab968ce2de8a2beee6,0
openseek-2-a2654a1326144a2abfa965d3c09c13a7,0
openseek-2-6a45ce33e8144d089e6e631d0a21da4c,0
openseek-2-0863a72207ba45c28b7cf3c8a9467c71,0
openseek-2-79cd7f0a29394ad0b8d699289baf4514,0
openseek-2-e586dc522d0444069e80a43545573290,0
openseek-2-eaaff20216ad441f8bb7f1362365aa22,0
openseek-2-3e3d2cdb69dc436eb589410267b6c53a,0
openseek-2-b4eeac906f694ff9b51272233fb6c528,0
openseek-2-ba4a0507fc19485dad425cc2c8e444ba,0
openseek-2-43fdb891a86147cf9e26bd962f77fa22,0
openseek-2-eec600bab830467ba95342aeb8d6a479,0
openseek-2-2d655188184b4469a2704e619eea5e2a,0
openseek-2-4bb01a18a6c34aa59111629560ef31ab,0
openseek-2-4fe4baaeab2b4396b77c048366e5cd90,0
openseek-2-cd6ae7c4439f4144b6c94438be31a902,0
openseek-2-269ffd9139cd42b7847d2a0438f0d119,0
openseek-2-3bd5bb36e0664c4689f5db3e2279ded3,0
openseek-2-b1b47e8f8f954ce394b453a0fb7f9028,0
openseek-2-e3fd5e6297f84c2598fbc0774a37c7b0,0
openseek-2-cb7de250017c42b0a7332705a92c0972,0
openseek-2-a1e1621485864a3c87d9523cc3024c90,0
openseek-2-db89cfcac20840fba21804d923c1a563,0
openseek-2-745a35d22d7342c4b68c4b8e5b4c938c,0
openseek-2-ad30e167fe994823a47a45c01fbda22d,0
openseek-2-c8dc7a7ec6c74d76a32e7b3461882d3f,0
openseek-2-58eb60d1c0834da987dcdadb15b7a28f,0
openseek-2-ad450245a39d49de94455d341e902429,0
openseek-2-6b15cdc343e54e95a97254f4f691209b,0
openseek-2-22c39580b70642eb8bfba26458a7f5ab,0
openseek-2-1abee2f9d36d4f138647c64f60109d1f,0
openseek-2-7c90724df8754e6ea0686d5155567b5e,0
openseek-2-88a98327beb24e79a048aae7cc9cb23c,0
openseek-2-852af9ad519448a09c48b425a19637eb,0
openseek-2-896d33af996548e1834789c392c23d69,0
openseek-2-e5d08085024a41a9b01e1254ae23c816,0
openseek-2-1d55fa3d48234acba3cd31c63962a2bf,0
openseek-2-065feb56f02249c1817f2ed83cb0124f,0
openseek-2-ddea6267242a4cbe90b040a3045b08ba,0
openseek-2-3e556614dbc0418b8cbf61b39fc69e76,0
openseek-2-4832beb04403416ea03488651dab41d1,0
openseek-2-25bf4f8fca984f21a0cddd287ad5a2fe,0
openseek-2-bc06cd5b32d442ee884acaa7e1cb2187,0
openseek-2-a7332442cab24c82ab19c251620976f1,0
openseek-2-d2d15e178a884e6bac9de115e34b90a8,0
openseek-2-92811cc19d5f408b84111ac8581ef0ac,0
openseek-2-401670331943414e97fc2d77eef4a790,0
openseek-2-bb5d73bcdb2945a8ab040bc0b2db08f9,0
openseek-2-88961d9eb4b64564b60b38a008b40a2c,0
openseek-2-f196f54cf6604006883a7ae62f29e95d,0
openseek-2-991ae057f9aa4d2c8af70c0b041eead7,0
openseek-2-3b5b4e24d108434bafb7dcf757da8d15,0
openseek-2-b6f0eff6990940239a094f2f30b2347b,0
openseek-2-96b38cc1ada94446aa258ac016695f7f,0
openseek-2-6c9d98053b68453d87f3c40a7cf024ab,0
openseek-2-406c9f9af01d4d54a2261988432b06f3,0
openseek-2-841ab93bdd6b4fd89dfc3176fecb37d4,0
openseek-2-06db6e0246784530a2e602f8ffd4daa2,0
openseek-2-48aac535524e4d4ebe2e2d626dd86f46,0
openseek-2-19af7b68e7a8416d96a63c5c38a5eb62,0
openseek-2-ee58f32b351d4be792ec8e5a44ca0d39,0
openseek-2-d622b4766ac9454ca21f8ffc5211a87f,0
openseek-2-456da398a05d422db5709706f7e15418,0
openseek-2-8bccbd978ba04bea9c5d1b855c44995d,0
openseek-2-6594d5a8ce2a4ef3b2c6278ed574bb0e,0
openseek-2-0d58960ed00d477d83e5af1046addec7,0
openseek-2-dfee6e0213ec4b289436aaed1efb4472,0
openseek-2-ffda1125330e4cd1a6137789e516913b,0
openseek-2-5e91b016400644e080db28dd68e0abee,0
openseek-2-ae5bd9120ea24e07bc78a4c5f78b0195,0
openseek-2-fe6df20631e34812bd44c44445f759a7,0
openseek-2-ab8b347557aa4be7be10128a8323f416,0
openseek-2-93f53ccb393242a1be9575941eb16629,0
openseek-2-e7c7bcbe62674523b6e107171052b2c3,0
openseek-2-a9a025841f4b4c1c908d29082bc6084d,0
openseek-2-089062ec48bf46649f0814564c143919,0
openseek-2-749822e8b4e34fd08b18d8fd14b238b7,0
openseek-2-53151931b3374a4aaddef97242b1f657,0
openseek-2-d5b4b87fd6dd4dacbd9abf14e15d2bb0,0
openseek-2-59dee960540d4f479ff649573abb2c2a,0
openseek-2-f0e4a38f17d34fb6bb972d503d4ad53d,0
openseek-2-0097460723e847849a73f01902c42160,0
openseek-2-1a163e6578324fa1a09951a4c7b851e6,0
openseek-2-86f1436ff29d484bb80ff3991a01c913,0
openseek-2-8b8399367ed64007a87d4a78730101d2,0
openseek-2-1490c7e9aaf047539905d9508498fefa,0
openseek-2-4cc92bfb5cfb48d4a32167d99f8348b2,0
openseek-2-4ee8deb202cd4c149223506a362db2c5,0
openseek-2-abc23e6b8d06408591e41903650bd183,0
openseek-2-9c9ab0891df04a32b9eff635a62576d6,0
openseek-2-600bf132829a441586eb7c811cb5fab0,0
openseek-2-a4ec27dd77564a80aa0d08768e900b53,0
openseek-2-13661adfd2db4189a7dc554b81d58768,0
openseek-2-ba819be0390047ed9f04ea3e5cfac060,0
openseek-2-2c86c883a74940039db00e2464f0029b,0
openseek-2-e68c30c85edc41c5942cf8440b17c479,0
openseek-2-7ea9424f76084e51bc2bd84078104165,0
openseek-2-29287c01d2814632967c3399dfc7275a,0
openseek-2-154fce9169a240a09f744ad036a0ec32,0
openseek-2-3d31ac10692a4d57ba1186a2a800bc71,0
openseek-2-42c34f7aaed84760a26ad956ccb15c9d,0
openseek-2-3e4987cd2124460cad8022ca43471e18,0
openseek-2-b736d7274f694c3a979bc287835f8b18,0
openseek-2-21c7e560b172463caf69c0735530c42a,0
openseek-2-fecd1ff394594c9b84c1157ee7e16256,0
openseek-2-ae2fb4e5352d4553a9616ad70cb7da9b,0
openseek-2-f4496b96c1e24d0e81553b50bcf1446f,0
openseek-2-3f9e9782b2254c789c253560b9bf851f,0
openseek-2-aee62186f5274cc0a60446abc6f750bd,0
openseek-2-e9bd4da99dcf49ea854e5908ccc94d05,0
openseek-2-5bc1ead509d1493c87f0ef68712d3ec0,0
openseek-2-4ced865b261748418a2036ffcf04c5c8,0
openseek-2-181e1b1873ba48e986a3e9a63c65c371,0
openseek-2-7bc25312784b4ab4bfa608407f124495,0
openseek-2-ba317aa59541492ab44a7e2e8a2ed2a9,0
openseek-2-754334c06dd74398bff6e3487f889aee,0
openseek-2-4aa8bddba67c4a2799a54561044fd5b0,0
openseek-2-d65698fe1e134ad4907fc03e679c0a70,0
openseek-2-e52c2b26ffc445f1816f084bd9798e5b,0
openseek-2-feb8bf37b064433aaacc0d619db321e9,0
openseek-2-068fec7176264a9eac92dc28b1b277ad,0
openseek-2-be5b6e157e1340fbab7c1ecc4ba0d081,0
openseek-2-c15db25645df4eb0b0dda4171bcdaeb4,0
openseek-2-836d11acaa674dfd8c61a953ea78531e,0
openseek-2-261c262fc2364ebe8f82952062519ea3,0
openseek-2-7f9782ff228d46edab5c69b928a4a802,0
openseek-2-96d3ecd2c57f44cb88d867fa5c35e86d,0
openseek-2-4e3ea50e71a24f8f8c1ad866be20c015,0
openseek-2-0963bb02da0a40bd8c296a3dbdd3cfe1,0
openseek-2-f5f7889db9cb482f81fb069e9157591c,0
openseek-2-91f93b2f429d4c3489d5edd457e2f4b0,0
openseek-2-acdf579e4a9e440a943928be413a58a1,0
openseek-2-330f61e449cb4bd7a5b7f4ce824b716a,0
openseek-2-54a9b901d5fd49619752079cadcf26dc,0
openseek-2-8c31679cf7464c80ade0e9f410b4bdd0,0
openseek-2-02f3398e0b244294aacc51b3da43c215,0
openseek-2-27a5a75398544c80ab69223183c43f69,0
openseek-2-481c31897b444a0e94dd4b526127f82e,0
openseek-2-ba5d7768eb204d18b0d2013d518b444f,0
openseek-2-f8bd327e4c3c411ab26dfa945aabd784,0
openseek-2-1506a725509e4efeb1444c3c4922f831,0
openseek-2-e41cc39ed1c8409f897c7a07402f279a,0
openseek-2-c9723f31dd1a421fa7651b8b94249a0d,0
openseek-2-dcae9377f17146c280defec0fae6a1ff,0
openseek-2-716cb184336243fb86f8b7945b720757,0
openseek-2-5958d8d216564e36a4051143ae5d6b2e,0
openseek-2-28ffbfd208f1435692b30cd42317ddc8,0
openseek-2-4a2d5663e1654652b43c5ee0e9717dcd,0
openseek-2-64ab97cb83e44543b803d89f291db57a,0
openseek-2-748505a61f564769b697eca664c096dd,0
openseek-2-3e7bc2179c9145a29b74c6889c5b7a8b,0
openseek-2-d99844e573144133a32069bd6af11a27,0
openseek-2-d939bf5ec630463495b9e4f998537b51,0
openseek-2-1570f6d38c274bcaac0d6904ee2b841d,0
openseek-2-0134a478126c4a06863b184a9a79067a,0
openseek-2-cdd69b524d944498a3c2f4d394907b55,0
openseek-2-3887555127bd4b4e9915c1c87c986577,0
openseek-2-31920e8e0e654022a0c205340027000a,0
openseek-2-47141cdf6d284a19955942c9cc6c6a1d,0
openseek-2-5c35e6698b514544aacf0b1d526631fe,0
openseek-2-b8327ddf2c4e42adb0d0164c3c19f962,0
openseek-2-8f3e31f33e7e4a278f004dc3e1d4606a,0
openseek-2-e10e103345264a6a967d008f0fd18ddf,0
openseek-2-9f67dfcd9b164b7da91816a4de3eb151,0
openseek-2-96cdf72574cb4763a840bfcfc7c314ef,0
openseek-2-87ce38bfd3bf455ca3ed6230892aa6e8,0
openseek-2-e4ebb2848cea4d5c866a0cb2eeece42f,0
openseek-2-8fa60286c03843d8a56d64ca17003c04,0
openseek-2-b643b8103f1a4127a8707bb354e1afd7,0
openseek-2-a1f2f65ce361400ba52752dd7f25ac1d,0
openseek-2-1fbc129bf8f94ff198b6110809f5bbe0,0
openseek-2-020db33e3bf44923a5965b0edbf2d0df,0
openseek-2-1fe1a81b2474455c8a517342c2edf3ed,0
openseek-2-bf95c7a637eb45f9a4f6621e2500b5f2,0
openseek-2-ab66ca4055174fecbee8e5fac09d96c9,0
openseek-2-c2d39911e61b40edb623869e9e911fb6,0
openseek-2-c57534035763451c964b7c5a89359e42,0
openseek-2-94856eadb4554854bc5578fc58ece93f,0
openseek-2-2638eb0128ff44e78a535658b27ffe70,0
openseek-2-4e5cb3df5b76400c832132b1f9bee38d,0
openseek-2-49eaff2357d74c33bf876ee43bf29034,0
openseek-2-6fd7f46c83224adb89f1262633d8ad8f,0
openseek-2-8a7e897a64f44e09a95f38681c2e1732,0
openseek-2-3c6b075bff604b37b9df1a9a46de4d57,0
openseek-2-400ed7303853427b802db0bc9240878d,0
openseek-2-06d98ea5b477421899784f788c8ba2f5,0
openseek-2-3bba4c914c5843408445124624d1b21d,0
openseek-2-c101feaa7fdb4326ba468ce27135066f,0
openseek-2-6260a6f2938a4aa4a68ca9babaac67de,0
openseek-2-891dd5f5a3bc42548038f0b635dbbec1,0
openseek-2-cf08de1a16bd42b0aa1d3e2dd76a0e63,0
openseek-2-ba78a558698a49c78e12a7b905b88a9b,0
openseek-2-8248fce4c112460b9138be5bf46841f9,0
openseek-2-d1681d1b7ddc4c84847a5935c7d5314f,0
openseek-2-133ecb0aeea9414581bcc6497af27b34,0
openseek-2-90a0142018774a0789f96588c259009d,0
openseek-2-6ebe5215f3aa4e718bc70c5b018179a0,0
openseek-2-16b06e29e48643859b558d01d7aac0bd,0
openseek-2-f9b80929f0e5428eb15017bda780d95a,0
openseek-2-873bfa2f010640e2b64f5b0f09d33add,0
openseek-2-a945646ea5f94bca8e966d18a66df6ad,0
openseek-2-69c57f866ce94a8e9b1eac59d6a32c3b,0
openseek-2-68511cb7dab64cdd94bd98f6e328f627,0
openseek-2-786b0c3e690c4f239e6c79e3651e9543,0
openseek-2-64e52261c3824905b83b0f4c6e08dc8e,0
openseek-2-78a48765a8534e0a9619df771378e9f2,0
openseek-2-655a2d418a4d46c5b60cc5e77246eaf7,0
openseek-2-5b2c22ee17534e23abefca959b837f74,0
openseek-2-ecc58e53f09844e2a0e0e7815c8666b7,0
openseek-2-a2b43ee78dd341ba8ea4a404d758b2fb,0
openseek-2-ab6f86e5c2c94ee29f1ef26b0230bfaf,0
openseek-2-844d78a01ba64bf0a53fa5ac39cebd0b,0
openseek-2-11e8dd76705844db96f7a445c6be502d,0
openseek-2-5f6cb68ac8c140c9b803745ee7c0e85e,0
openseek-2-2a38d08edddb451883f2b83c2d0b3def,0
openseek-2-4b703dc2cc5444d2a04e9c36164ee1da,0
openseek-2-07c92f1fde814026b65591f6442738ee,0
openseek-2-4cc871fd5c334ffca6358af1f7ee914a,0
openseek-2-c8ba9c1d1fbe4da4a8febcc45bf9287e,0
openseek-2-811377da673640f5944b68e2274bb42f,0
openseek-2-059491901b7d45b98d3a526e8212cba6,0
openseek-2-336c2666c0054a46a9b0c31d4f7aa2dc,0
openseek-2-64b4ee4fc31c488b8e08bd85cada2fb6,0
openseek-2-4d0385ad647b463a94f7b766d7facc58,0
openseek-2-cfe4fa4f3c05400f991e9934373b9185,0
openseek-2-def56a0ebb14406cb2230afc7bac5383,0
openseek-2-a9098e90a8454498935a11cfed01e51b,0
openseek-2-32f95341a4674fe4be3e98ad144c7075,0
openseek-2-fa512ce36f694ce69bb2187ca2188527,0
openseek-2-98faa6c3673245c18b5a1536b7dfb2e6,0
openseek-2-d602db282a4c4111a3838b26d14bbe1c,0
openseek-2-dfcf9f2262f04761994fe0d6a2e35835,0
